﻿<?xml version="1.0" encoding="utf-8"?>
<oji>
  <problema>
    <nume>Segmente</nume>
    <limita_timp>600</limita_timp>
    <limita_memorie>128</limita_memorie>
    <limita_stiva>64</limita_stiva>
    <limita_dimens_sursa>20</limita_dimens_sursa>
  </problema>
  <problema>
    <nume>Bits</nume>
    <limita_timp>100</limita_timp>
    <limita_memorie>64</limita_memorie>
    <limita_stiva>2</limita_stiva>
    <limita_dimens_sursa>5</limita_dimens_sursa>
  </problema>
  <problema>
    <nume>Nrcifre</nume>
    <limita_timp>1300</limita_timp>
    <limita_memorie>5</limita_memorie>
    <limita_stiva>2</limita_stiva>
    <limita_dimens_sursa>5</limita_dimens_sursa>
  </problema>
  <problema>
    <nume>Virus</nume>
    <limita_timp>100</limita_timp>
    <limita_memorie>16</limita_memorie>
    <limita_stiva>2</limita_stiva>
    <limita_dimens_sursa>5</limita_dimens_sursa>
  </problema>
  <problema>
    <nume>Drep2</nume>
    <limita_timp>100</limita_timp>
    <limita_memorie>16</limita_memorie>
    <limita_stiva>2</limita_stiva>
    <limita_dimens_sursa>5</limita_dimens_sursa>
  </problema>
  <problema>
    <nume>Pagini</nume>
    <limita_timp>400</limita_timp>
    <limita_memorie>16</limita_memorie>
    <limita_stiva>2</limita_stiva>
    <limita_dimens_sursa>5</limita_dimens_sursa>
  </problema>
</oji>